{"cameraMode":{"drawMode":0,"name":"Shaded","section":"Shading Mode"},"sceneLighting":true,"audioPlay":false,"sceneViewState":{"m_AlwaysRefresh":false,"showFog":true,"showSkybox":true,"showFlares":true,"showImageEffects":true,"showParticleSystems":true,"showVisualEffectGraphs":true,"m_FxEnabled":true},"in2DMode":false,"pivot":{"x":-20.366456985473634,"y":1.6053025722503663,"z":15.412745475769043},"rotation":{"x":-0.25330495834350588,"y":0.07160352915525437,"z":-0.018800146877765657,"w":-0.9645733833312988},"size":3.886847496032715,"orthographic":false}