{"cameraMode":{"drawMode":0,"name":"Shaded","section":"Shading Mode"},"sceneLighting":true,"audioPlay":false,"sceneViewState":{"m_AlwaysRefresh":false,"showFog":true,"showSkybox":true,"showFlares":true,"showImageEffects":true,"showParticleSystems":true,"showVisualEffectGraphs":true,"m_FxEnabled":true},"in2DMode":false,"pivot":{"x":-19.439706802368165,"y":0.695260763168335,"z":19.32830047607422},"rotation":{"x":0.1497274488210678,"y":0.021348783746361734,"z":-0.0033727039117366077,"w":0.9886311888694763},"size":4.760317325592041,"orthographic":false}